Region,Local Authority,LA Code,Total consumption
NORTH EAST,County Durham,E06000047,801
NORTH EAST,Darlington,E06000005,173
NORTH EAST,Hartlepool,E06000001,141
NORTH EAST,Middlesbrough,E06000002,203
NORTH EAST,Northumberland,E06000057,577
NORTH EAST,Redcar and Cleveland,E06000003,210
NORTH EAST,Stockton-on-Tees,E06000004,292
NORTH EAST,Gateshead,E08000037,304
NORTH EAST,Newcastle upon Tyne,E08000021,429
NORTH EAST,North Tyneside,E08000022,313
NORTH EAST,South Tyneside,E08000023,220
NORTH EAST,Sunderland,E08000024,414
NORTH WEST,Blackburn with Darwen,E06000008,218
NORTH WEST,Blackpool,E06000009,253
NORTH WEST,Cheshire East,E06000049,699
NORTH WEST,Cheshire West and Chester,E06000050,580
NORTH WEST,Halton,E06000006,194
NORTH WEST,Warrington,E06000007,329
NORTH WEST,Allerdale,E07000026,185
NORTH WEST,Barrow-in-Furness,E07000027,111
NORTH WEST,Carlisle,E07000028,200
NORTH WEST,Copeland,E07000029,129
NORTH WEST,Eden,E07000030,127
NORTH WEST,South Lakeland,E07000031,242
NORTH WEST,Bolton,E08000001,453
NORTH WEST,Bury,E08000002,311
NORTH WEST,Manchester,E08000003,813
NORTH WEST,Oldham ,E08000004,335
NORTH WEST,Rochdale,E08000005,332
NORTH WEST,Salford,E08000006,422
NORTH WEST,Stockport,E08000007,491
NORTH WEST,Tameside,E08000008,353
NORTH WEST,Trafford,E08000009,388
NORTH WEST,Wigan,E08000010,502
NORTH WEST,Burnley,E07000117,140
NORTH WEST,Chorley,E07000118,189
NORTH WEST,Fylde,E07000119,153
NORTH WEST,Hyndburn,E07000120,125
NORTH WEST,Lancaster,E07000121,233
NORTH WEST,Pendle,E07000122,141
NORTH WEST,Preston,E07000123,223
NORTH WEST,Ribble Valley,E07000124,114
NORTH WEST,Rossendale,E07000125,120
NORTH WEST,South Ribble,E07000126,184
NORTH WEST,West Lancashire,E07000127,198
NORTH WEST,Wyre,E07000128,198
NORTH WEST,Knowsley ,E08000011,230
NORTH WEST,Liverpool,E08000012,722
NORTH WEST,Sefton,E08000014,454
NORTH WEST,St. Helens,E08000013,276
NORTH WEST,Wirral,E08000015,526
YORKSHIRE AND THE HUMBER,East Riding of Yorkshire,E06000011,591
YORKSHIRE AND THE HUMBER,"Kingston upon Hull, City of",E06000010,387
YORKSHIRE AND THE HUMBER,North East Lincolnshire,E06000012,253
YORKSHIRE AND THE HUMBER,North Lincolnshire,E06000013,266
YORKSHIRE AND THE HUMBER,York,E06000014,319
YORKSHIRE AND THE HUMBER,Craven,E07000163,116
YORKSHIRE AND THE HUMBER,Hambleton,E07000164,176
YORKSHIRE AND THE HUMBER,Harrogate,E07000165,305
YORKSHIRE AND THE HUMBER,Richmondshire,E07000166,104
YORKSHIRE AND THE HUMBER,Ryedale,E07000167,112
YORKSHIRE AND THE HUMBER,Scarborough,E07000168,209
YORKSHIRE AND THE HUMBER,Selby,E07000169,156
YORKSHIRE AND THE HUMBER,Barnsley,E08000016,362
YORKSHIRE AND THE HUMBER,Doncaster,E08000017,461
YORKSHIRE AND THE HUMBER,Rotherham ,E08000018,388
YORKSHIRE AND THE HUMBER,Sheffield,E08000019,804
YORKSHIRE AND THE HUMBER,Bradford ,E08000032,776
YORKSHIRE AND THE HUMBER,Calderdale,E08000033,351
YORKSHIRE AND THE HUMBER,Kirklees ,E08000034,651
YORKSHIRE AND THE HUMBER,Leeds ,E08000035,"1,257"
YORKSHIRE AND THE HUMBER,Wakefield,E08000036,515
EAST MIDLANDS,Derby,E06000015,385
EAST MIDLANDS,Leicester,E06000016,457
EAST MIDLANDS,Nottingham,E06000018,460
EAST MIDLANDS,Rutland,E06000017,75
EAST MIDLANDS,Amber Valley,E07000032,217
EAST MIDLANDS,Bolsover,E07000033,123
EAST MIDLANDS,Chesterfield,E07000034,162
EAST MIDLANDS,Derbyshire Dales,E07000035,146
EAST MIDLANDS,Erewash,E07000036,186
EAST MIDLANDS,High Peak,E07000037,160
EAST MIDLANDS,North East Derbyshire,E07000038,163
EAST MIDLANDS,South Derbyshire,E07000039,166
EAST MIDLANDS,Blaby,E07000129,159
EAST MIDLANDS,Charnwood,E07000130,267
EAST MIDLANDS,Harborough,E07000131,166
EAST MIDLANDS,Hinckley and Bosworth,E07000132,193
EAST MIDLANDS,Melton,E07000133,96
EAST MIDLANDS,North West Leicestershire,E07000134,174
EAST MIDLANDS,Oadby and Wigston,E07000135,85
EAST MIDLANDS,Boston,E07000136,119
EAST MIDLANDS,East Lindsey,E07000137,290
EAST MIDLANDS,Lincoln,E07000138,142
EAST MIDLANDS,North Kesteven,E07000139,203
EAST MIDLANDS,South Holland,E07000140,175
EAST MIDLANDS,South Kesteven,E07000141,262
EAST MIDLANDS,West Lindsey,E07000142,169
EAST MIDLANDS,Corby,E07000150,102
EAST MIDLANDS,Daventry,E07000151,169
EAST MIDLANDS,East Northamptonshire,E07000152,165
EAST MIDLANDS,Kettering,E07000153,167
EAST MIDLANDS,Northampton,E07000154,356
EAST MIDLANDS,South Northamptonshire,E07000155,183
EAST MIDLANDS,Wellingborough,E07000156,130
EAST MIDLANDS,Ashfield,E07000170,197
EAST MIDLANDS,Bassetlaw,E07000171,198
EAST MIDLANDS,Broxtowe,E07000172,180
EAST MIDLANDS,Gedling,E07000173,201
EAST MIDLANDS,Mansfield,E07000174,166
EAST MIDLANDS,Newark and Sherwood,E07000175,211
EAST MIDLANDS,Rushcliffe,E07000176,197
WEST MIDLANDS,"Herefordshire, County of",E06000019,369
WEST MIDLANDS,Shropshire,E06000051,585
WEST MIDLANDS,Stoke-on-Trent,E06000021,382
WEST MIDLANDS,Telford and Wrekin,E06000020,260
WEST MIDLANDS,Cannock Chase,E07000192,163
WEST MIDLANDS,East Staffordshire,E07000193,198
WEST MIDLANDS,Lichfield,E07000194,183
WEST MIDLANDS,Newcastle-under-Lyme,E07000195,201
WEST MIDLANDS,South Staffordshire,E07000196,191
WEST MIDLANDS,Stafford,E07000197,231
WEST MIDLANDS,Staffordshire Moorlands,E07000198,174
WEST MIDLANDS,Tamworth,E07000199,128
WEST MIDLANDS,North Warwickshire,E07000218,118
WEST MIDLANDS,Nuneaton and Bedworth,E07000219,211
WEST MIDLANDS,Rugby,E07000220,183
WEST MIDLANDS,Stratford-on-Avon,E07000221,273
WEST MIDLANDS,Warwick,E07000222,254
WEST MIDLANDS,Birmingham,E08000025,"1,628"
WEST MIDLANDS,Coventry,E08000026,504
WEST MIDLANDS,Dudley ,E08000027,509
WEST MIDLANDS,Sandwell ,E08000028,470
WEST MIDLANDS,Solihull,E08000029,373
WEST MIDLANDS,Walsall,E08000030,436
WEST MIDLANDS,Wolverhampton,E08000031,401
WEST MIDLANDS,Bromsgrove,E07000234,174
WEST MIDLANDS,Malvern Hills,E07000235,156
WEST MIDLANDS,Redditch,E07000236,137
WEST MIDLANDS,Worcester,E07000237,165
WEST MIDLANDS,Wychavon,E07000238,242
WEST MIDLANDS,Wyre Forest,E07000239,178
EAST,Bedford,E06000055,285
EAST,Central Bedfordshire,E06000056,477
EAST,Luton,E06000032,292
EAST,Peterborough,E06000031,296
EAST,Southend-on-Sea,E06000033,309
EAST,Thurrock,E06000034,282
EAST,Cambridge,E07000008,181
EAST,East Cambridgeshire,E07000009,165
EAST,Fenland,E07000010,188
EAST,Huntingdonshire,E07000011,312
EAST,South Cambridgeshire,E07000012,297
EAST,Basildon,E07000066,321
EAST,Braintree,E07000067,282
EAST,Brentwood,E07000068,150
EAST,Castle Point,E07000069,165
EAST,Chelmsford,E07000070,324
EAST,Colchester,E07000071,320
EAST,Epping Forest,E07000072,262
EAST,Harlow,E07000073,131
EAST,Maldon,E07000074,138
EAST,Rochford,E07000075,154
EAST,Tendring,E07000076,276
EAST,Uttlesford,E07000077,178
EAST,Broxbourne,E07000095,169
EAST,Dacorum,E07000096,263
EAST,East Hertfordshire,E07000242,289
EAST,Hertsmere,E07000098,190
EAST,North Hertfordshire,E07000099,236
EAST,St Albans,E07000240,259
EAST,Stevenage,E07000243,131
EAST,Three Rivers,E07000102,170
EAST,Watford,E07000103,150
EAST,Welwyn Hatfield,E07000241,189
EAST,Breckland,E07000143,272
EAST,Broadland,E07000144,238
EAST,Great Yarmouth,E07000145,185
EAST,King’s Lynn and West Norfolk,E07000146,343
EAST,North Norfolk,E07000147,251
EAST,Norwich,E07000148,208
EAST,South Norfolk,E07000149,272
EAST,Babergh,E07000200,186
EAST,Forest Heath,E07000201,126
EAST,Ipswich,E07000202,224
EAST,Mid Suffolk,E07000203,213
EAST,St Edmundsbury,E07000204,203
EAST,Suffolk Coastal,E07000205,272
EAST,Waveney,E07000206,216
INNER LONDON,Camden,E09000007,352
INNER LONDON,City of London,E09000001,28
INNER LONDON,Hackney ,E09000012,348
INNER LONDON,Hammersmith and Fulham ,E09000013,288
INNER LONDON,Haringey,E09000014,369
INNER LONDON,Islington,E09000019,320
INNER LONDON,Kensington and Chelsea,E09000020,375
INNER LONDON,Lambeth ,E09000022,443
INNER LONDON,Lewisham ,E09000023,417
INNER LONDON,Newham ,E09000025,379
INNER LONDON,Southwark,E09000028,446
INNER LONDON,Tower Hamlets,E09000030,407
INNER LONDON,Wandsworth,E09000032,501
INNER LONDON,Westminster,E09000033,488
OUTER LONDON,Barking and Dagenham,E09000002,269
OUTER LONDON,Barnet,E09000003,630
OUTER LONDON,Bexley,E09000004,386
OUTER LONDON,Brent ,E09000005,430
OUTER LONDON,Bromley,E09000006,567
OUTER LONDON,Croydon,E09000008,603
OUTER LONDON,Ealing,E09000009,482
OUTER LONDON,Enfield,E09000010,502
OUTER LONDON,Greenwich,E09000011,377
OUTER LONDON,Harrow,E09000015,358
OUTER LONDON,Havering,E09000016,416
OUTER LONDON,Hillingdon,E09000017,434
OUTER LONDON,Hounslow,E09000018,387
OUTER LONDON,Kingston upon Thames,E09000021,270
OUTER LONDON,Merton,E09000024,321
OUTER LONDON,Redbridge,E09000026,408
OUTER LONDON,Richmond upon Thames,E09000027,345
OUTER LONDON,Sutton,E09000029,334
OUTER LONDON,Waltham Forest,E09000031,356
SOUTH EAST,Bracknell Forest,E06000036,203
SOUTH EAST,Brighton and Hove,E06000043,453
SOUTH EAST,Isle of Wight,E06000046,274
SOUTH EAST,Medway,E06000035,436
SOUTH EAST,Milton Keynes,E06000042,413
SOUTH EAST,Portsmouth,E06000044,318
SOUTH EAST,Reading,E06000038,265
SOUTH EAST,Slough,E06000039,200
SOUTH EAST,Southampton,E06000045,400
SOUTH EAST,West Berkshire,E06000037,327
SOUTH EAST,Windsor and Maidenhead,E06000040,291
SOUTH EAST,Wokingham,E06000041,285
SOUTH EAST,Aylesbury Vale,E07000004,344
SOUTH EAST,Chiltern,E07000005,195
SOUTH EAST,South Bucks,E07000006,147
SOUTH EAST,Wycombe,E07000007,326
SOUTH EAST,Eastbourne,E07000061,171
SOUTH EAST,Hastings,E07000062,160
SOUTH EAST,Lewes,E07000063,185
SOUTH EAST,Rother,E07000064,199
SOUTH EAST,Wealden,E07000065,324
SOUTH EAST,Basingstoke and Deane,E07000084,313
SOUTH EAST,East Hampshire,E07000085,239
SOUTH EAST,Eastleigh,E07000086,207
SOUTH EAST,Fareham,E07000087,191
SOUTH EAST,Gosport,E07000088,137
SOUTH EAST,Hart,E07000089,172
SOUTH EAST,Havant,E07000090,210
SOUTH EAST,New Forest,E07000091,337
SOUTH EAST,Rushmoor,E07000092,147
SOUTH EAST,Test Valley,E07000093,238
SOUTH EAST,Winchester,E07000094,229
SOUTH EAST,Ashford,E07000105,227
SOUTH EAST,Canterbury,E07000106,256
SOUTH EAST,Dartford,E07000107,168
SOUTH EAST,Dover,E07000108,188
SOUTH EAST,Gravesham,E07000109,167
SOUTH EAST,Maidstone,E07000110,287
SOUTH EAST,Sevenoaks,E07000111,248
SOUTH EAST,Shepway,E07000112,198
SOUTH EAST,Swale,E07000113,241
SOUTH EAST,Thanet,E07000114,243
SOUTH EAST,Tonbridge and Malling,E07000115,224
SOUTH EAST,Tunbridge Wells,E07000116,227
SOUTH EAST,Cherwell,E07000177,272
SOUTH EAST,Oxford,E07000178,217
SOUTH EAST,South Oxfordshire,E07000179,290
SOUTH EAST,Vale of White Horse,E07000180,240
SOUTH EAST,West Oxfordshire,E07000181,225
SOUTH EAST,Elmbridge,E07000207,289
SOUTH EAST,Epsom and Ewell,E07000208,135
SOUTH EAST,Guildford,E07000209,262
SOUTH EAST,Mole Valley,E07000210,179
SOUTH EAST,Reigate and Banstead,E07000211,265
SOUTH EAST,Runnymede,E07000212,157
SOUTH EAST,Spelthorne,E07000213,173
SOUTH EAST,Surrey Heath,E07000214,164
SOUTH EAST,Tandridge,E07000215,178
SOUTH EAST,Waverley,E07000216,253
SOUTH EAST,Woking,E07000217,189
SOUTH EAST,Adur,E07000223,112
SOUTH EAST,Arun,E07000224,289
SOUTH EAST,Chichester,E07000225,269
SOUTH EAST,Crawley,E07000226,166
SOUTH EAST,Horsham,E07000227,278
SOUTH EAST,Mid Sussex,E07000228,269
SOUTH EAST,Worthing,E07000229,190
SOUTH WEST,Bath and North East Somerset,E06000022,326
SOUTH WEST,Bournemouth,E06000028,326
SOUTH WEST,"Bristol, City of ",E06000023,707
SOUTH WEST,Cornwall,E06000052,"1,298"
SOUTH WEST,Isles of Scilly,E06000053,8
SOUTH WEST,North Somerset,E06000024,369
SOUTH WEST,Plymouth,E06000026,416
SOUTH WEST,Poole,E06000029,261
SOUTH WEST,South Gloucestershire,E06000025,455
SOUTH WEST,Swindon,E06000030,351
SOUTH WEST,Torbay,E06000027,247
SOUTH WEST,Wiltshire,E06000054,985
SOUTH WEST,East Devon,E07000040,277
SOUTH WEST,Exeter,E07000041,186
SOUTH WEST,Mid Devon,E07000042,160
SOUTH WEST,North Devon,E07000043,187
SOUTH WEST,South Hams,E07000044,208
SOUTH WEST,Teignbridge,E07000045,254
SOUTH WEST,Torridge,E07000046,140
SOUTH WEST,West Devon,E07000047,118
SOUTH WEST,Christchurch,E07000048,87
SOUTH WEST,East Dorset,E07000049,171
SOUTH WEST,North Dorset,E07000050,143
SOUTH WEST,Purbeck,E07000051,91
SOUTH WEST,West Dorset,E07000052,226
SOUTH WEST,Weymouth and Portland,E07000053,112
SOUTH WEST,Cheltenham,E07000078,204
SOUTH WEST,Cotswold,E07000079,225
SOUTH WEST,Forest of Dean,E07000080,174
SOUTH WEST,Gloucester,E07000081,206
SOUTH WEST,Stroud,E07000082,229
SOUTH WEST,Tewkesbury,E07000083,158
SOUTH WEST,Mendip,E07000187,217
SOUTH WEST,Sedgemoor,E07000188,233
SOUTH WEST,South Somerset,E07000189,342
SOUTH WEST,Taunton Deane,E07000190,209
SOUTH WEST,West Somerset,E07000191,83
WALES,Isle of Anglesey,W06000001,155
WALES,Gwynedd,W06000002,262
WALES,Conwy,W06000003,209
WALES,Denbighshire,W06000004,174
WALES,Flintshire,W06000005,258
WALES,Wrexham,W06000006,223
WALES,Powys,W06000023,266
WALES,Ceredigion,W06000008,160
WALES,Pembrokeshire,W06000009,238
WALES,Carmarthenshire,W06000010,320
WALES,Swansea,W06000011,375
WALES,Neath Port Talbot,W06000012,219
WALES,Bridgend,W06000013,216
WALES,Vale of Glamorgan,W06000014,208
WALES,Cardiff,W06000015,532
WALES,Rhondda Cynon Taf,W06000016,357
WALES,Merthyr Tydfil,W06000024,88
WALES,Caerphilly,W06000018,269
WALES,Blaenau Gwent,W06000019,105
WALES,Torfaen,W06000020,137
WALES,Monmouthshire,W06000021,167
WALES,Newport,W06000022,229
SCOTLAND,Aberdeen City,S12000033,428
SCOTLAND,Aberdeenshire,S12000034,598
SCOTLAND,Angus,S12000041,257
SCOTLAND,Argyll and Bute,S12000035,278
SCOTLAND,City of Edinburgh,S12000036,900
SCOTLAND,Clackmannanshire,S12000005,91
SCOTLAND,Dumfries and Galloway,S12000006,351
SCOTLAND,Dundee City,S12000042,303
SCOTLAND,East Ayrshire,S12000008,202
SCOTLAND,East Dunbartonshire,S12000045,188
SCOTLAND,East Lothian,S12000010,195
SCOTLAND,East Renfrewshire,S12000011,165
SCOTLAND,Falkirk,S12000014,292
SCOTLAND,Fife,S12000015,659
SCOTLAND,Glasgow City,S12000046,"1,044"
SCOTLAND,Highland,S12000017,669
SCOTLAND,Inverclyde,S12000018,151
SCOTLAND,Midlothian,S12000019,144
SCOTLAND,Moray,S12000020,193
SCOTLAND,Na h-Eileanan Siar3,S12000013,91
SCOTLAND,North Ayrshire,S12000021,260
SCOTLAND,North Lanarkshire,S12000044,574
SCOTLAND,Orkney Islands,S12000023,82
SCOTLAND,Perth and Kinross,S12000024,358
SCOTLAND,Renfrewshire,S12000038,304
SCOTLAND,Scottish Borders ,S12000026,265
SCOTLAND,Shetland Islands,S12000027,102
SCOTLAND,South Ayrshire,S12000028,217
SCOTLAND,South Lanarkshire,S12000029,616
SCOTLAND,Stirling,S12000030,189
SCOTLAND,West Dunbartonshire,S12000039,154
SCOTLAND,West Lothian,S12000040,299
