 Region , Local Authority , LA Code , Economy 7 meters , Standard meters , All domestic , All non-domestic , Total consumption 
 NORTH EAST , County Durham UA , E06000047 ,53,747,800,"1,263","2,063"
 NORTH EAST , Darlington UA , E06000005 ,19,153,172,261,433
 NORTH EAST , Hartlepool UA , E06000001 ,9,132,141,316,457
 NORTH EAST , Middlesbrough UA , E06000002 ,17,186,203,393,596
 NORTH EAST , Northumberland UA , E06000057 ,83,492,576,"1,065","1,640"
 NORTH EAST , Redcar and Cleveland UA , E06000003 ,17,193,210,208,418
 NORTH EAST , Stockton-on-Tees UA , E06000004 ,19,272,291,"1,156","1,447"
 NORTH EAST , Gateshead , E08000037 ,27,277,303,620,923
 NORTH EAST , Newcastle upon Tyne , E08000021 ,61,367,428,881,"1,310"
 NORTH EAST , North Tyneside , E08000022 ,27,285,313,466,778
 NORTH EAST , South Tyneside , E08000023 ,10,210,220,241,461
 NORTH EAST , Sunderland , E08000024 ,25,388,413,686,"1,099"
 NORTH WEST , Blackburn with Darwen , E06000008 ,25,204,229,383,612
 NORTH WEST , Blackpool , E06000009 ,47,221,268,305,573
 NORTH WEST , Cheshire East , E06000049 ,115,659,775,"1,040","1,814"
 NORTH WEST , Cheshire West and Chester , E06000050 ,80,590,670,"1,585","2,255"
 NORTH WEST , Halton , E06000006 ,12,209,221,446,667
 NORTH WEST , Warrington , E06000007 ,28,345,372,526,898
 NORTH WEST , Allerdale , E07000026 ,35,151,186,342,528
 NORTH WEST , Barrow-in-Furness , E07000027 ,12,102,113,162,276
 NORTH WEST , Carlisle , E07000028 ,37,170,208,392,600
 NORTH WEST , Copeland , E07000029 ,27,105,132,108,239
 NORTH WEST , Eden , E07000030 ,48,78,126,245,371
 NORTH WEST , South Lakeland , E07000031 ,72,166,238,347,585
 NORTH WEST , Bolton , E08000001 ,63,414,477,557,"1,034"
 NORTH WEST , Bury , E08000002 ,37,290,327,353,680
 NORTH WEST , Manchester , E08000003 ,155,693,848,"1,778","2,625"
 NORTH WEST , Oldham  , E08000004 ,27,329,356,437,793
 NORTH WEST , Rochdale , E08000005 ,32,320,352,494,847
 NORTH WEST , Salford , E08000006 ,76,365,441,558,999
 NORTH WEST , Stockport , E08000007 ,65,453,518,571,"1,089"
 NORTH WEST , Tameside , E08000008 ,34,340,374,427,801
 NORTH WEST , Trafford , E08000009 ,53,355,408,"1,043","1,450"
 NORTH WEST , Wigan , E08000010 ,47,482,529,650,"1,180"
 NORTH WEST , Burnley , E07000117 ,13,135,149,218,366
 NORTH WEST , Chorley , E07000118 ,21,175,196,194,390
 NORTH WEST , Fylde , E07000119 ,31,124,155,232,387
 NORTH WEST , Hyndburn , E07000120 ,13,118,131,270,401
 NORTH WEST , Lancaster , E07000121 ,42,200,242,347,589
 NORTH WEST , Pendle , E07000122 ,17,134,152,237,388
 NORTH WEST , Preston , E07000123 ,32,200,233,398,630
 NORTH WEST , Ribble Valley , E07000124 ,18,96,114,340,454
 NORTH WEST , Rossendale , E07000125 ,13,113,126,218,344
 NORTH WEST , South Ribble , E07000126 ,18,170,189,304,492
 NORTH WEST , West Lancashire , E07000127 ,25,181,206,328,535
 NORTH WEST , Wyre , E07000128 ,32,173,205,325,530
 NORTH WEST , Knowsley  , E08000011 ,11,252,263,481,745
 NORTH WEST , Liverpool , E08000012 ,92,747,839,"1,164","2,003"
 NORTH WEST , Sefton , E08000014 ,45,477,522,489,"1,011"
 NORTH WEST , St. Helens , E08000013 ,15,292,308,493,801
 NORTH WEST , Wirral , E08000015 ,50,552,602,516,"1,119"
 YORKSHIRE AND THE HUMBER , East Riding of Yorkshire UA , E06000011 ,73,481,555,"1,118","1,672"
 YORKSHIRE AND THE HUMBER ," Kingston upon Hull, City of UA ", E06000010 ,38,329,367,702,"1,069"
 YORKSHIRE AND THE HUMBER , North East Lincolnshire UA , E06000012 ,18,217,235,572,808
 YORKSHIRE AND THE HUMBER , North Lincolnshire UA , E06000013 ,20,230,250,990,"1,240"
 YORKSHIRE AND THE HUMBER , York UA , E06000014 ,48,271,319,447,766
 YORKSHIRE AND THE HUMBER , Craven , E07000163 ,22,80,102,157,259
 YORKSHIRE AND THE HUMBER , Hambleton , E07000164 ,35,141,176,324,500
 YORKSHIRE AND THE HUMBER , Harrogate , E07000165 ,47,256,304,575,879
 YORKSHIRE AND THE HUMBER , Richmondshire , E07000166 ,26,78,104,138,241
 YORKSHIRE AND THE HUMBER , Ryedale , E07000167 ,26,85,111,240,351
 YORKSHIRE AND THE HUMBER , Scarborough , E07000168 ,41,166,207,345,553
 YORKSHIRE AND THE HUMBER , Selby , E07000169 ,26,121,147,342,489
 YORKSHIRE AND THE HUMBER , Barnsley , E08000016 ,12,326,337,495,832
 YORKSHIRE AND THE HUMBER , Doncaster , E08000017 ,21,412,433,809,"1,242"
 YORKSHIRE AND THE HUMBER , Rotherham  , E08000018 ,18,343,360,598,958
 YORKSHIRE AND THE HUMBER , Sheffield , E08000019 ,65,695,760,"1,619","2,379"
 YORKSHIRE AND THE HUMBER , Bradford  , E08000032 ,79,653,732,"1,023","1,756"
 YORKSHIRE AND THE HUMBER , Calderdale , E08000033 ,39,294,334,513,847
 YORKSHIRE AND THE HUMBER , Kirklees  , E08000034 ,53,562,614,967,"1,581"
 YORKSHIRE AND THE HUMBER , Leeds  , E08000035 ,173,"1,023","1,196","2,074","3,271"
 YORKSHIRE AND THE HUMBER , Wakefield , E08000036 ,46,442,487,"1,158","1,645"
 EAST MIDLANDS , Derby UA  , E06000015 ,168,217,384,557,942
 EAST MIDLANDS , Leicester UA , E06000016 ,157,299,456,970,"1,426"
 EAST MIDLANDS , Nottingham UA , E06000018 ,162,298,459,809,"1,268"
 EAST MIDLANDS , Rutland UA  , E06000017 ,40,35,75,276,350
 EAST MIDLANDS , Amber Valley , E07000032 ,94,123,217,369,586
 EAST MIDLANDS , Bolsover , E07000033 ,35,88,123,229,352
 EAST MIDLANDS , Chesterfield , E07000034 ,51,110,162,264,425
 EAST MIDLANDS , Derbyshire Dales , E07000035 ,77,69,146,294,440
 EAST MIDLANDS , Erewash , E07000036 ,81,105,185,239,424
 EAST MIDLANDS , High Peak , E07000037 ,17,116,133,490,623
 EAST MIDLANDS , North East Derbyshire , E07000038 ,43,118,161,273,434
 EAST MIDLANDS , South Derbyshire , E07000039 ,72,92,164,374,538
 EAST MIDLANDS , Blaby , E07000129 ,72,85,157,249,406
 EAST MIDLANDS , Charnwood , E07000130 ,118,149,267,449,716
 EAST MIDLANDS , Harborough , E07000131 ,81,85,166,252,418
 EAST MIDLANDS , Hinckley and Bosworth , E07000132 ,93,99,192,263,455
 EAST MIDLANDS , Melton , E07000133 ,51,45,96,193,289
 EAST MIDLANDS , North West Leicestershire , E07000134 ,81,92,173,384,557
 EAST MIDLANDS , Oadby and Wigston , E07000135 ,37,47,85,109,194
 EAST MIDLANDS , Boston , E07000136 ,58,61,119,222,340
 EAST MIDLANDS , East Lindsey , E07000137 ,135,150,285,431,716
 EAST MIDLANDS , Lincoln , E07000138 ,55,87,142,265,407
 EAST MIDLANDS , North Kesteven , E07000139 ,99,104,203,345,547
 EAST MIDLANDS , South Holland , E07000140 ,89,85,175,344,519
 EAST MIDLANDS , South Kesteven , E07000141 ,129,132,261,421,682
 EAST MIDLANDS , West Lindsey , E07000142 ,46,115,161,237,398
 EAST MIDLANDS , Corby , E07000150 ,25,76,101,352,453
 EAST MIDLANDS , Daventry , E07000151 ,85,81,167,277,444
 EAST MIDLANDS , East Northamptonshire , E07000152 ,71,94,165,338,503
 EAST MIDLANDS , Kettering , E07000153 ,64,103,167,255,422
 EAST MIDLANDS , Northampton , E07000154 ,135,221,355,593,948
 EAST MIDLANDS , South Northamptonshire , E07000155 ,91,91,183,266,448
 EAST MIDLANDS , Wellingborough , E07000156 ,50,80,130,272,402
 EAST MIDLANDS , Ashfield , E07000170 ,60,136,196,411,607
 EAST MIDLANDS , Bassetlaw , E07000171 ,67,129,196,389,585
 EAST MIDLANDS , Broxtowe , E07000172 ,72,108,179,178,358
 EAST MIDLANDS , Gedling , E07000173 ,88,113,200,170,370
 EAST MIDLANDS , Mansfield , E07000174 ,49,117,166,247,413
 EAST MIDLANDS , Newark and Sherwood , E07000175 ,87,124,211,413,624
 EAST MIDLANDS , Rushcliffe , E07000176 ,90,107,197,253,450
 WEST MIDLANDS ," Herefordshire, County of UA ", E06000019 ,98,251,349,656,"1,005"
 WEST MIDLANDS , Shropshire UA , E06000051 ,127,425,552,944,"1,496"
 WEST MIDLANDS , Stoke-on-Trent UA , E06000021 ,42,309,351,677,"1,028"
 WEST MIDLANDS , Telford and Wrekin UA , E06000020 ,29,212,240,555,795
 WEST MIDLANDS , Cannock Chase , E07000192 ,19,115,135,177,312
 WEST MIDLANDS , East Staffordshire , E07000193 ,92,104,197,445,642
 WEST MIDLANDS , Lichfield , E07000194 ,35,132,167,264,430
 WEST MIDLANDS , Newcastle-under-Lyme , E07000195 ,24,162,186,297,483
 WEST MIDLANDS , South Staffordshire , E07000196 ,26,154,180,265,445
 WEST MIDLANDS , Stafford , E07000197 ,44,170,213,346,559
 WEST MIDLANDS , Staffordshire Moorlands , E07000198 ,25,134,159,332,492
 WEST MIDLANDS , Tamworth , E07000199 ,51,76,127,213,340
 WEST MIDLANDS , North Warwickshire , E07000218 ,46,69,116,486,602
 WEST MIDLANDS , Nuneaton and Bedworth , E07000219 ,89,122,211,252,463
 WEST MIDLANDS , Rugby , E07000220 ,80,104,183,488,671
 WEST MIDLANDS , Stratford-on-Avon , E07000221 ,99,159,258,393,651
 WEST MIDLANDS , Warwick , E07000222 ,118,135,253,431,684
 WEST MIDLANDS , Birmingham , E08000025 ,266,"1,259","1,525","2,527","4,052"
 WEST MIDLANDS , Coventry , E08000026 ,177,327,504,815,"1,319"
 WEST MIDLANDS , Dudley  , E08000027 ,72,406,478,591,"1,068"
 WEST MIDLANDS , Sandwell  , E08000028 ,67,370,437,813,"1,250"
 WEST MIDLANDS , Solihull , E08000029 ,62,284,346,671,"1,017"
 WEST MIDLANDS , Walsall , E08000030 ,58,345,403,579,983
 WEST MIDLANDS , Wolverhampton , E08000031 ,69,308,376,595,972
 WEST MIDLANDS , Bromsgrove , E07000234 ,25,138,163,160,324
 WEST MIDLANDS , Malvern Hills , E07000235 ,38,111,149,149,298
 WEST MIDLANDS , Redditch , E07000236 ,16,111,127,230,357
 WEST MIDLANDS , Worcester , E07000237 ,27,127,154,272,426
 WEST MIDLANDS , Wychavon , E07000238 ,54,166,220,402,622
 WEST MIDLANDS , Wyre Forest , E07000239 ,27,141,168,217,386
 EAST ENGLAND , Bedford UA , E06000055 ,103,180,284,561,844
 EAST ENGLAND , Central Bedfordshire UA , E06000056 ,165,309,473,684,"1,157"
 EAST ENGLAND , Luton UA , E06000032 ,85,206,291,389,680
 EAST ENGLAND , Peterborough UA , E06000031 ,97,197,294,596,891
 EAST ENGLAND , Southend-on-Sea UA , E06000033 ,96,212,309,331,640
 EAST ENGLAND , Thurrock UA , E06000034 ,104,177,282,691,973
 EAST ENGLAND , Cambridge , E07000008 ,59,119,178,517,695
 EAST ENGLAND , East Cambridgeshire , E07000009 ,66,97,163,253,416
 EAST ENGLAND , Fenland , E07000010 ,71,117,188,333,521
 EAST ENGLAND , Huntingdonshire , E07000011 ,119,187,305,522,828
 EAST ENGLAND , South Cambridgeshire , E07000012 ,114,170,284,445,729
 EAST ENGLAND , Basildon , E07000066 ,101,218,319,444,764
 EAST ENGLAND , Braintree , E07000067 ,113,166,279,324,603
 EAST ENGLAND , Brentwood , E07000068 ,43,107,150,156,305
 EAST ENGLAND , Castle Point , E07000069 ,49,115,164,95,260
 EAST ENGLAND , Chelmsford , E07000070 ,119,203,322,396,719
 EAST ENGLAND , Colchester , E07000071 ,117,201,318,421,739
 EAST ENGLAND , Epping Forest , E07000072 ,63,198,262,230,491
 EAST ENGLAND , Harlow , E07000073 ,36,95,131,214,345
 EAST ENGLAND , Maldon , E07000074 ,59,79,137,203,340
 EAST ENGLAND , Rochford , E07000075 ,45,108,153,129,283
 EAST ENGLAND , Tendring , E07000076 ,106,169,275,287,562
 EAST ENGLAND , Uttlesford , E07000077 ,67,110,177,206,383
 EAST ENGLAND , Broxbourne , E07000095 ,55,114,169,270,439
 EAST ENGLAND , Dacorum , E07000096 ,77,185,262,354,617
 EAST ENGLAND , East Hertfordshire , E07000242 ,114,173,287,287,574
 EAST ENGLAND , Hertsmere , E07000098 ,56,131,188,273,460
 EAST ENGLAND , North Hertfordshire , E07000099 ,78,157,235,336,571
 EAST ENGLAND , St Albans , E07000240 ,65,192,257,262,519
 EAST ENGLAND , Stevenage , E07000243 ,29,102,131,276,407
 EAST ENGLAND , Three Rivers , E07000102 ,51,118,169,162,331
 EAST ENGLAND , Watford , E07000103 ,48,101,149,288,437
 EAST ENGLAND , Welwyn Hatfield , E07000241 ,49,140,189,423,612
 EAST ENGLAND , Breckland , E07000143 ,129,141,270,363,633
 EAST ENGLAND , Broadland , E07000144 ,93,144,237,268,505
 EAST ENGLAND , Great Yarmouth , E07000145 ,81,104,185,222,407
 EAST ENGLAND , King’s Lynn and West Norfolk , E07000146 ,176,166,342,799,"1,141"
 EAST ENGLAND , North Norfolk , E07000147 ,136,114,250,294,544
 EAST ENGLAND , Norwich , E07000148 ,66,141,207,430,637
 EAST ENGLAND , South Norfolk , E07000149 ,130,140,269,290,559
 EAST ENGLAND , Babergh , E07000200 ,88,96,185,231,416
 EAST ENGLAND , Forest Heath , E07000201 ,59,66,125,285,410
 EAST ENGLAND , Ipswich , E07000202 ,87,136,223,300,523
 EAST ENGLAND , Mid Suffolk , E07000203 ,111,102,213,442,654
 EAST ENGLAND , St Edmundsbury , E07000204 ,87,115,202,377,579
 EAST ENGLAND , Suffolk Coastal , E07000205 ,129,141,270,290,560
 EAST ENGLAND , Waveney , E07000206 ,91,125,216,354,570
 LONDON , City of London  , E09000001 ,6,22,27,"1,866","1,894"
 LONDON , Barking and Dagenham , E09000002 ,62,206,268,400,668
 LONDON , Barnet , E09000003 ,203,424,627,575,"1,202"
 LONDON , Bexley , E09000004 ,51,335,385,947,"1,332"
 LONDON , Brent , E09000005 ,92,336,428,601,"1,028"
 LONDON , Bromley , E09000006 ,92,474,566,482,"1,048"
 LONDON , Camden , E09000007 ,33,318,351,"1,296","1,647"
 LONDON , Croydon , E09000008 ,143,458,601,659,"1,261"
 LONDON , Ealing , E09000009 ,57,423,480,901,"1,381"
 LONDON , Enfield , E09000010 ,171,330,501,552,"1,053"
 LONDON , Greenwich , E09000011 ,37,338,376,454,830
 LONDON , Hackney , E09000012 ,41,304,345,649,994
 LONDON , Hammersmith and Fulham , E09000013 ,32,255,287,712,999
 LONDON , Haringey , E09000014 ,99,270,368,437,806
 LONDON , Harrow  , E09000015 ,107,249,356,266,622
 LONDON , Havering , E09000016 ,101,314,415,401,817
 LONDON , Hillingdon , E09000017 ,79,353,432,926,"1,359"
 LONDON , Hounslow , E09000018 ,52,333,385,918,"1,304"
 LONDON , Islington , E09000019 ,36,282,318,875,"1,193"
 LONDON , Kensington and Chelsea , E09000020 ,37,337,374,"1,228","1,601"
 LONDON , Kingston upon Thames , E09000021 ,54,215,269,351,620
 LONDON , Lambeth , E09000022 ,49,393,441,705,"1,146"
 LONDON , Lewisham , E09000023 ,52,363,414,368,782
 LONDON , Merton , E09000024 ,36,284,320,490,810
 LONDON , Newham , E09000025 ,46,331,377,"1,021","1,398"
 LONDON , Redbridge , E09000026 ,48,359,407,304,711
 LONDON , Richmond upon Thames , E09000027 ,57,288,344,374,718
 LONDON , Southwark , E09000028 ,79,363,442,"1,300","1,742"
 LONDON , Sutton , E09000029 ,86,247,333,395,728
 LONDON , Tower Hamlets , E09000030 ,90,313,403,"2,230","2,633"
 LONDON , Waltham Forest , E09000031 ,57,299,356,385,741
 LONDON , Wandsworth , E09000032 ,63,436,499,554,"1,053"
 LONDON , Westminster , E09000033 ,64,418,482,"3,053","3,535"
 SOUTH EAST , Bracknell Forest UA , E06000036 ,28,174,202,296,498
 SOUTH EAST , Brighton and Hove UA , E06000043 ,146,306,451,600,"1,051"
 SOUTH EAST , Isle of Wight UA , E06000046 ,62,211,273,292,565
 SOUTH EAST , Medway UA , E06000035 ,108,327,435,423,858
 SOUTH EAST , Milton Keynes UA , E06000042 ,153,259,412,995,"1,407"
 SOUTH EAST , Portsmouth UA , E06000044 ,51,266,317,660,977
 SOUTH EAST , Reading UA , E06000038 ,53,210,264,479,743
 SOUTH EAST , Slough UA , E06000039 ,37,163,199,787,986
 SOUTH EAST , Southampton UA , E06000045 ,93,305,398,554,952
 SOUTH EAST , West Berkshire UA , E06000037 ,69,257,326,593,919
 SOUTH EAST , Windsor and Maidenhead UA , E06000040 ,34,255,290,457,746
 SOUTH EAST , Wokingham UA , E06000041 ,25,259,284,401,685
 SOUTH EAST , Aylesbury Vale , E07000004 ,131,211,342,425,767
 SOUTH EAST , Chiltern , E07000005 ,42,153,195,161,356
 SOUTH EAST , South Bucks , E07000006 ,12,135,147,226,373
 SOUTH EAST , Wycombe , E07000007 ,59,267,326,366,692
 SOUTH EAST , Eastbourne , E07000061 ,56,114,170,215,385
 SOUTH EAST , Hastings , E07000062 ,54,106,160,160,320
 SOUTH EAST , Lewes , E07000063 ,66,118,185,172,357
 SOUTH EAST , Rother , E07000064 ,80,119,199,193,392
 SOUTH EAST , Wealden , E07000065 ,127,197,324,250,574
 SOUTH EAST , Basingstoke and Deane , E07000084 ,42,271,313,541,854
 SOUTH EAST , East Hampshire , E07000085 ,36,202,238,235,473
 SOUTH EAST , Eastleigh , E07000086 ,21,185,206,336,542
 SOUTH EAST , Fareham , E07000087 ,19,171,191,250,441
 SOUTH EAST , Gosport , E07000088 ,27,110,137,154,291
 SOUTH EAST , Hart , E07000089 ,17,154,172,208,380
 SOUTH EAST , Havant , E07000090 ,23,187,210,230,439
 SOUTH EAST , New Forest , E07000091 ,47,289,336,456,793
 SOUTH EAST , Rushmoor , E07000092 ,18,129,147,262,408
 SOUTH EAST , Test Valley , E07000093 ,42,195,237,371,608
 SOUTH EAST , Winchester , E07000094 ,37,192,229,410,639
 SOUTH EAST , Ashford , E07000105 ,76,150,226,304,530
 SOUTH EAST , Canterbury , E07000106 ,69,186,255,399,654
 SOUTH EAST , Dartford , E07000107 ,31,136,167,272,439
 SOUTH EAST , Dover , E07000108 ,50,137,188,309,497
 SOUTH EAST , Gravesham , E07000109 ,41,125,167,308,474
 SOUTH EAST , Maidstone , E07000110 ,87,199,286,394,679
 SOUTH EAST , Sevenoaks , E07000111 ,83,165,248,248,496
 SOUTH EAST , Shepway , E07000112 ,68,130,197,428,626
 SOUTH EAST , Swale , E07000113 ,64,176,240,423,663
 SOUTH EAST , Thanet , E07000114 ,67,176,243,315,558
 SOUTH EAST , Tonbridge and Malling , E07000115 ,63,160,223,346,569
 SOUTH EAST , Tunbridge Wells , E07000116 ,90,136,226,335,562
 SOUTH EAST , Cherwell , E07000177 ,57,205,261,449,710
 SOUTH EAST , Oxford , E07000178 ,38,179,217,559,776
 SOUTH EAST , South Oxfordshire , E07000179 ,62,228,290,521,811
 SOUTH EAST , Vale of White Horse , E07000180 ,42,197,239,493,732
 SOUTH EAST , West Oxfordshire , E07000181 ,44,180,224,322,546
 SOUTH EAST , Elmbridge , E07000207 ,58,230,288,293,581
 SOUTH EAST , Epsom and Ewell , E07000208 ,27,107,134,111,245
 SOUTH EAST , Guildford , E07000209 ,65,196,261,329,590
 SOUTH EAST , Mole Valley , E07000210 ,53,126,179,273,452
 SOUTH EAST , Reigate and Banstead , E07000211 ,69,195,264,304,569
 SOUTH EAST , Runnymede , E07000212 ,33,124,157,257,414
 SOUTH EAST , Spelthorne , E07000213 ,26,147,173,200,373
 SOUTH EAST , Surrey Heath , E07000214 ,15,148,164,244,408
 SOUTH EAST , Tandridge , E07000215 ,51,126,177,162,339
 SOUTH EAST , Waverley , E07000216 ,39,214,252,214,466
 SOUTH EAST , Woking , E07000217 ,58,130,188,408,596
 SOUTH EAST , Adur , E07000223 ,42,70,112,101,213
 SOUTH EAST , Arun , E07000224 ,68,220,288,262,550
 SOUTH EAST , Chichester , E07000225 ,62,207,269,341,609
 SOUTH EAST , Crawley , E07000226 ,46,119,165,417,583
 SOUTH EAST , Horsham , E07000227 ,97,178,276,278,553
 SOUTH EAST , Mid Sussex , E07000228 ,90,177,267,251,518
 SOUTH EAST , Worthing , E07000229 ,70,120,190,212,402
 SOUTH WEST , Bath and North East Somerset UA , E06000022 ,61,248,309,373,682
 SOUTH WEST , Bournemouth UA , E06000028 ,65,261,325,414,739
 SOUTH WEST ," Bristol, City of UA ", E06000023 ,106,559,666,"1,148","1,814"
 SOUTH WEST , Cornwall UA , E06000052 ,468,768,"1,236","1,549","2,785"
 SOUTH WEST , Isles of Scilly UA , E06000053 ,4,3,8,12,19
 SOUTH WEST , North Somerset UA , E06000024 ,53,292,345,391,736
 SOUTH WEST , Plymouth UA , E06000026 ,52,339,391,637,"1,028"
 SOUTH WEST , Poole UA , E06000029 ,34,227,261,426,687
 SOUTH WEST , South Gloucestershire UA , E06000025 ,79,347,425,745,"1,171"
 SOUTH WEST , Swindon UA , E06000030 ,44,306,350,681,"1,031"
 SOUTH WEST , Torbay UA , E06000027 ,48,182,230,238,468
 SOUTH WEST , Wiltshire UA , E06000054 ,244,738,983,"1,307","2,290"
 SOUTH WEST , East Devon , E07000040 ,67,193,259,273,533
 SOUTH WEST , Exeter , E07000041 ,35,140,175,412,587
 SOUTH WEST , Mid Devon , E07000042 ,44,108,152,218,369
 SOUTH WEST , North Devon , E07000043 ,46,131,177,301,477
 SOUTH WEST , South Hams , E07000044 ,68,130,198,270,468
 SOUTH WEST , Teignbridge , E07000045 ,58,182,239,270,510
 SOUTH WEST , Torridge , E07000046 ,40,93,132,187,320
 SOUTH WEST , West Devon , E07000047 ,31,81,112,154,266
 SOUTH WEST , Christchurch , E07000048 ,13,74,87,134,222
 SOUTH WEST , East Dorset , E07000049 ,23,148,171,159,330
 SOUTH WEST , North Dorset , E07000050 ,32,111,142,172,315
 SOUTH WEST , Purbeck , E07000051 ,17,74,91,288,379
 SOUTH WEST , West Dorset , E07000052 ,68,154,222,284,506
 SOUTH WEST , Weymouth and Portland , E07000053 ,18,94,112,120,232
 SOUTH WEST , Cheltenham , E07000078 ,43,148,191,330,522
 SOUTH WEST , Cotswold , E07000079 ,62,158,220,247,467
 SOUTH WEST , Forest of Dean , E07000080 ,45,119,164,256,420
 SOUTH WEST , Gloucester , E07000081 ,33,158,191,304,495
 SOUTH WEST , Stroud , E07000082 ,55,160,215,325,540
 SOUTH WEST , Tewkesbury , E07000083 ,31,113,144,331,476
 SOUTH WEST , Mendip , E07000187 ,43,165,208,369,577
 SOUTH WEST , Sedgemoor , E07000188 ,56,163,219,410,628
 SOUTH WEST , South Somerset , E07000189 ,97,235,332,482,813
 SOUTH WEST , Taunton Deane , E07000190 ,46,150,196,254,450
 SOUTH WEST , West Somerset , E07000191 ,30,49,78,169,247
 WALES , Isle of Anglesey , W06000001 ,38,109,148,289,437
 WALES , Gwynedd , W06000002 ,84,167,250,340,590
 WALES , Conwy , W06000003 ,33,164,197,235,432
 WALES , Denbighshire , W06000004 ,27,137,164,436,600
 WALES , Flintshire , W06000005 ,24,215,240,826,"1,065"
 WALES , Wrexham , W06000006 ,27,182,209,778,987
 WALES , Ceredigion , W06000008 ,62,93,155,317,472
 WALES , Pembrokeshire , W06000009 ,47,180,227,852,"1,079"
 WALES , Carmarthenshire , W06000010 ,42,262,304,618,921
 WALES , Swansea , W06000011 ,29,322,352,589,940
 WALES , Neath Port Talbot , W06000012 ,8,196,204,"1,401","1,606"
 WALES , Bridgend , W06000013 ,9,193,202,424,626
 WALES , The Vale of Glamorgan , W06000014 ,18,179,197,345,542
 WALES , Cardiff , W06000015 ,54,451,504,"1,045","1,550"
 WALES , Rhondda Cynon Taf , W06000016 ,11,324,335,522,856
 WALES , Caerphilly , W06000018 ,7,243,250,361,611
 WALES , Blaenau Gwent , W06000019 ,2,94,96,156,252
 WALES , Torfaen , W06000020 ,5,124,129,281,410
 WALES , Monmouthshire , W06000021 ,23,133,156,227,383
 WALES , Newport , W06000022 ,16,200,216,595,811
 WALES , Powys , W06000023 ,62,194,255,509,764
 WALES , Merthyr Tydfil , W06000024 ,2,81,82,129,212
 SCOTLAND , Clackmannanshire , S12000005 ,12,78,91,125,215
 SCOTLAND , Dumfries & Galloway , S12000006 ,105,246,351,567,918
 SCOTLAND , East Ayrshire , S12000008 ,16,185,202,249,451
 SCOTLAND , East Lothian , S12000010 ,40,155,195,276,471
 SCOTLAND , East Renfrewshire , S12000011 ,22,143,165,79,244
 SCOTLAND , Eilean Siar (Western Isles) , S12000013 ,37,54,91,71,162
 SCOTLAND , Falkirk , S12000014 ,53,239,292,364,656
 SCOTLAND , Fife , S12000015 ,91,566,657,902,"1,559"
 SCOTLAND , Highland , S12000017 ,254,413,667,"1,457","2,125"
 SCOTLAND , Inverclyde , S12000018 ,36,115,151,179,330
 SCOTLAND , Midlothian , S12000019 ,14,130,144,236,380
 SCOTLAND , Moray , S12000020 ,43,148,192,397,589
 SCOTLAND , North Ayrshire , S12000021 ,52,208,260,405,665
 SCOTLAND , Orkney Islands , S12000023 ,46,35,82,120,201
 SCOTLAND , Perth & Kinross , S12000024 ,102,255,357,472,829
 SCOTLAND , Scottish Borders , S12000026 ,77,188,264,320,584
 SCOTLAND , Shetland Islands , S12000027 ,64,38,102,109,212
 SCOTLAND , South Ayrshire , S12000028 ,35,182,217,316,533
 SCOTLAND , South Lanarkshire , S12000029 ,136,479,615,835,"1,451"
 SCOTLAND , Stirling , S12000030 ,43,145,189,278,467
 SCOTLAND , Aberdeen City , S12000033 ,68,358,427,816,"1,242"
 SCOTLAND , Aberdeenshire , S12000034 ,129,468,597,933,"1,530"
 SCOTLAND , Argyll & Bute , S12000035 ,119,158,277,315,592
 SCOTLAND ," Edinburgh, City of ", S12000036 ,176,722,898,"1,352","2,250"
 SCOTLAND , Renfrewshire , S12000038 ,48,256,304,367,671
 SCOTLAND , West Dunbartonshire , S12000039 ,21,133,154,189,343
 SCOTLAND , West Lothian , S12000040 ,29,269,298,504,802
 SCOTLAND , Angus , S12000041 ,62,195,257,277,534
 SCOTLAND , Dundee City , S12000042 ,68,234,302,417,720
 SCOTLAND , North Lanarkshire , S12000044 ,93,480,573,765,"1,338"
 SCOTLAND , East Dunbartonshire , S12000045 ,19,168,187,165,352
 SCOTLAND , Glasgow City , S12000046 ,240,798,"1,037","1,648","2,686"
